pool_number,cc_week,equipo,component_serial,component_tag,year,week,componente,SUB COMPONENTE,MODELO,POSICION,FECHA DE CAMBIO,HORA EQ,HORA CC,MENOR AL 90% TBO,TBO,USO,DESCRIPCIÓN DE FALLA,SUBCOMPONENTE FALLADO,MODO DE FALLA,Equipo SAP,ORDEN,ID,Reseva,Aviso,N/S INSTALADO,Equipo,Solicitud de montaje,OS,OS 14.000,RMCARE,Pauta puesta servicio(entrante),TSI,No Conformidad,CLASIFICACIÓN,COMENTARIO ENTRANTE,COMENTARIO SALIENTE,Proyeccion Horómetro,% uso Proyectado,pool_type,ohv_normal,ohv_unplanned,cc_date,arrival_date
1,2023-W27,856,#EG08090003,bl,2023,27,Blower,Blower,960E,DERECHO,2023-07-03,59458,5726,0.0,20000,0.2863,"Se procede a cambio de blower N°2 por imprevisto ya que se detecta daño en conmutador por flashover, componente no es considerado para cambio en plan semanal W27.",Conmutador,,200330158,400352474,230705173242,2562156,10359631,#EE13111394,200199055,82638,18121108,,CERRADA,,,,Producto,,,6460.0,0.323,I,51,101,2023-07-03,2023-10-12
1,2023-W41,868,#EE13111435,bl,2023,41,Blower,,,,,,,,,,,,,,,,,,,,,,,,,,,,,,,,I,51,101,2023-10-09,2024-01-18
1,2024-W06,872,#EE14091124,bl,2024,06,Blower,Blower,960E,DERECHO,2024-02-10,55910,25840,1.0,20000,1.292,"Se procede a cambio de Blower N°2 por cumplimiento de TBO establecido , componente es considerado para cambio en plan semanal W6.",TBO,TBO,200234865,400365809,240211145723,2681083,10369080,#EG07080103,200029686,86784,18124814,,CERRADO,,,,TBO,,,2686.0,0.1343,P,51,101,2024-02-05,2024-03-27
1,2024-W17,878,#EG07080105,bl,2024,17,Blower,Blower,960E,IZQUIERDO,2024-04-22,57606,10203,,20000,0.51015,"Se procede a cambio de blower N°1,  por presentar daños en conmutador y carbones, Componente no es considerado para cambio en plan semanal W17.",Conmutador,Conmutador,200029685,400369993,240423114428,2721513,10372219,#EN1210042,200119749,88174,18126165,,CERRADO,,,,Producto,,,,,I,51,101,2024-04-22,2024-08-01
2,2023-W27,881,#EN12040115,bl,2023,27,Blower,Blower,960E,IZQUIERDO,2023-07-05,42935,24180,1.0,20000,1.209,Se procede a cambio de blower 1 por TBO. Componente es considerado dentro del plan semanal,TBO,TBO,200136925,400352715,230706100701,2563223,10359671,#EE04070186,200033597,82444,18121203,,CERRADA,,,,TBO,,,6426.0,0.3213,P,51,101,2023-07-03,2023-08-23
2,2023-W38,396,#,bl,2023,38,Blower,,,,,,,,,,,,,,,,,,,,,,,,,,,,,,,,I,51,101,2023-09-18,2023-12-28
2,2023-W50,865,#EE06040239,bl,2023,50,Blower,,,,,,,,,,,,,,,,,,,,,,,,,,,,,,,,I,51,101,2023-12-11,2024-03-21
2,2024-W18,864,#EE14070950,bl,2024,18,Blower,,,,,,,,,,,,,,,,,,,,,,,,,,,,,,,,I,51,101,2024-04-29,2024-08-08
3,2023-W27,875,#EN11110073,bl,2023,27,Blower,Blower,960E,IZQUIERDO,2023-07-09,52449,23790,,20000,1.1895,"Se realiza cambio de blower 1 por fractura de alabes produciendo un amago de incendio, componente no es considerado dentro del plan semanal",Álabes,,200166038,400352839,230710083235,2564930,10359709,#EE14010114,200214262,82757,18121060,,CERRADA,,,,Producto,,,6358.0,0.3179,P,51,101,2023-07-03,2023-08-23
3,2023-W39,861,#EN12090076,bl,2023,39,Blower,Blower,960E,IZQUIERDO,2023-09-26,57589,7568,0.0,20000,0.3784,"Se procede a cambio de blower N°1, Ya que se evalua equipo detectando codigo 36/5, se revisa sistema electrico asociado a la falla, detectando blower N°1 en corto circuito. Componente no es considerado para cambio en plan semanal W39.",Alabes,cortocircuito,200123616,400357732,230927133319,2606422,10362882,#EE13040236,200141039,84278,18122519,,CERRADO,,,,Mantenimiento,,,5015.0,0.25075,I,51,101,2023-09-25,2024-01-04
3,2024-W08,860,#EE13080690,bl,2024,08,Blower,Blower,960E,DERECHO,2024-02-20,67556,674,0.0,20000,0.0337,Se realiza cambio de blower derecho por flashover y  portacarbon B suelto. Componente no es considerado dentro del plan semanal,PORTACARBONES,Flashover,200199945,400366175,240220080257,2685038,10369324,#EN12090076,200123616,86855,18124920,,CERRADO,,,,Producto,,,2516.0,0.1258,I,51,101,2024-02-19,2024-05-30
3,2024-W23,872,#,bl,2024,23,Blower,,,,,,,,,,,,,,,,,,,,,,,,,,,,,,,,I,51,101,2024-06-03,2024-09-12
4,2023-W28,883,#EN12090007,bl,2023,28,Blower,Blower,960E,DERECHO,2023-07-14,50951,17676,0.0,20000,0.8838,"Se procede a cambio de blower N°2, por falla a tierra producto de daño prematuro en conmutador. Componente es considerado para cambio en plan semanal W28.",Conmutador,,200210074,400353271,230715184708,2567992,10360026,#EE20040731,200314738,82828,18121208,,CERRADA,,,,Producto,,,6273.0,0.31365,I,51,101,2023-07-10,2023-10-19
4,2023-W39,881,#EE14050652,bl,2023,39,Blower,Blower,960E,DERECHO,2023-09-28,44200,2587,0.0,20000,0.12935,"Se procede a cambio de blower N°2 por tensor cortado en porta carbon y daño en aislación, esta falla inhibe retardo durante operación, componente no es considerado para cambio en plan semanal W39.",conmutador,conmutador,200237659,400358013,231003164103,2609777,10363165,#EN12040099,200112301,84297,18122560,,CERRADO,,,,Producto,,,4981.0,0.24905,I,51,101,2023-09-25,2024-01-04
4,2024-W09,862,#EE13010009A,bl,2024,09,Blower,Blower,960E,IZQUIERDO,2024-03-02,58509,16491,0.0,20000,0.82455,"Se procede a ejecutar orden de servicio 436119514 IS: Código de falla blower resistencias cambio blower N°1 por condición, conmutador presenta de coloración en su superficie, se detecta porta carbón árbol A  con desprendimiento de material, componente no es considerado para cambio en plan semanal W9.",PORTACARBONES,Conmutador,200142693,400367006,240305094536,2692797,10369868,#EE1009117,200184687,86974,18125192,,CERRADO,,,,Mantenimiento,,,2329.0,0.11645,I,51,101,2024-02-26,2024-06-06
4,2024-W27,879,#EE13101129,bl,2024,27,Blower,Blower,960E,IZQUIERDO,2024-07-01,56407,4792,0.0,20000,0.2396,"Se realiza cambio de blower N°1 por principios de flashover, componente es considerado para cambio en plan semanal W27.",Conmutador,Flashover,200217130,400374198,240702103631,2759485,10375312,#EE10040299,200080434,89790,18127452	,,CERRADO,,,,Producto,,,272.0,0.0136,I,51,101,2024-07-01,2024-10-10
5,2023-W29,870,#EE14010117,bl,2023,29,Blower,Blower,960E,DERECHO,2023-07-17,52843,16263,0.0,20000,0.81315,"Se procede a cambio de blower N°2, por Flashover. Componente no es considerado para cambio en plan semanal W28.",,Flashover,200223636,400353462,230719065237,2569625,10360171,#EE15071392,200199855,82842,18121265,,CERRADA,,,,Mantenimiento,,,6222.0,0.3111,I,51,101,2023-07-17,2023-10-26
5,2023-W43,847,#EG07080103,bl,2023,43,Blower,,,,,,,,,,,,,,,,,,,,,,,,,,,,,,,,I,51,101,2023-10-23,2024-02-01
5,2024-W11,881,#EN12040099,bl,2024,11,Blower,Blower,960E,DERECHO,2024-03-14,46245,2798,0.0,20000,0.1399,Se realiza cambio de blower derecho por flashover. Componente es considerado dentro del plan semanal W11,Flashover,Flashover,200112301,400367640,240316080707,2699115,10370544,#EE13111435,200142526,87232,18125307,ABIERTA,CERRADO,,,,Producto,,,2125.0,0.10625,I,51,101,2024-03-11,2024-06-20
5,2024-W27,879,#EE09100668,bl,2024,27,Blower,Blower,960E,DERECHO,2024-07-01,56407,3148,0.0,20000,0.1574,"Se realiza cambio de blower N°2 por principios de flashover, componente es considerado para cambio en plan semanal W27.",Conmutador,Flashover,200218676,400374136,240702103934,2759433,10375314,#EE98060158,100017390,89791,18127453,,CERRADO,,,,Producto,,,272.0,0.0136,I,51,101,2024-07-01,2024-10-10
6,2023-W29,883,#EE06050200-1,bl,2023,29,Blower,Blower,960E,IZQUIERDO,2023-07-20,50961,8547,0.0,20000,0.42735,"Durante la mantención de TKD 883, Personal eléctrico detecta carbones con desgaste los cuales se cambian con fecha el 21-06-2023, dentro de la misma inspección declaran encontrar daños en el conmutador del Blower N°1, se programa cambio para la semana 29. Blower saliente fue reparado por electrans",Conmutador,Flashover,200214492,400353209,230721142025,2570520,10360178,#EN12110029,200123422,82844,18121349,,CERRADA,,,,Mantenimiento,,,6171.0,0.30855,I,51,101,2023-07-17,2023-10-26
6,2023-W43,879,#EE19030195,bl,2023,43,Blower,,,,,,,,,,,,,,,,,,,,,,,,,,,,,,,,I,51,101,2023-10-23,2024-02-01
6,2024-W12,872,#EG07080103,bl,2024,12,Blower,Blower,960E,DERECHO,2024-03-19,56602,471,0.0,20000,0.02355,Se realiza cambio de blower derecho por encontrarse con condigo 39/1. Componente no es considerado dentro del plan semanal W12,,,200029686,400367725,240319100106,2700607,10370628,#EN11110073,200166038,87241,18125314,ABIERTA,CERRADO,,,,Producto,,,2040.0,0.102,I,51,101,2024-03-18,2024-06-27
7,2023-W31,399,#EE14091188,bl,2023,31,Blower,Blower,960E,IZQUIERDO,2023-08-06,65883,19176,1.0,20000,0.9588,Se realiza cambio de blower por evaluación de mantenedores MEL en terreno. Componente no es considerado dentro del plan samanal,,,200234548,400354573,230807122020,2580009,10360911,#EE11050262,200093613,82990,18121581,,CERRADA,,,,Mantenimiento,,,5882.0,0.2941,P,51,101,2023-07-31,2023-09-20
7,2023-W46,880,#EE14070949,bl,2023,46,Blower,,,,,,,,,,,,,,,,,,,,,,,,,,,,,,,,I,51,101,2023-11-13,2024-02-22
7,2024-W12,863,#EE14010057,bl,2024,12,Blower,Blower,960E,IZQUIERDO,2024-03-24,56906,19206,1.0,20000,0.9603,"Se procede a cambio de blower N°1 por daño en conmutador, componente es considerado para cambio en pan semanal W12.",Conmutador,Flashover,200173933,400368089,240325151436,2704267,10370822,#EE13070558,200196046,87369,18125410,,CERRADO,,,,Producto,,,1955.0,0.09775,P,51,101,2024-03-18,2024-05-08
7,2024-W20,882,#EE13101130,bl,2024,20,Blower,Blower,960E,IZQUIERDO,2024-05-18,55512,15137,0.0,20000,0.75685,"Se procede a cambio de blower izquierdo por daño en conmutador, componente es considerado para cambio en plan semanal W20.",Conmutador,Flashover,200191637,400371568,240519134441,2735435,10373275,#EE09120837,200251693,88718,18126639,,CERRADO,,,,Producto,,,1020.0,0.051,I,51,101,2024-05-13,2024-08-22
8,2023-W32,858,#EE14020272,bl,2023,32,Blower,Blower,960E,DERECHO,2023-08-12,64000,3502,0.0,20000,0.1751,"Se realiza cambio de blower N°2 por evidencia de flashover, componente no es considerado para cambio en plan semanal W32.",,Flashover,200222989,400355071,230813174513,2583266,10361063,#EN11120059,200105776,83179,18121626,,CERRADA,,,,Producto,,,5780.0,0.289,I,51,101,2023-08-07,2023-11-16
8,2023-W46,322,#EE1009117,bl,2023,46,Blower,,,,,,,,,,,,,,,,,,,,,,,,,,,,,,,,I,51,101,2023-11-13,2024-02-22
8,2024-W13,291,#EG07070070,bl,2024,13,Blower,Blower,930E,IZQUIERDO,2024-03-30,23612,22792,1.0,20000,1.1396,Se realiza cambio de blower izquierdo por TBO. Componente es considerado dentro del plan semanal W13,TBO,TBO,200046049,400368330,240331091404,2707502,10371067,#EE13101312A,200161760,87470,18125631,,CERRADO,,,,TBO,,,1853.0,0.09265,P,51,101,2024-03-25,2024-05-15
8,2024-W20,875,#EE14010114,bl,2024,20,Blower,Blower,960E,IZQUIERDO,2024-05-19,58231,6199,,20000,0.30995,"Se procede a cambio de blower izquierdo por imprevisto, ya que en mantención programada técnicos encontraron que se encontraba en mal estado y le dieron prioridad a Blower N°1 para cambio por el motivo por daño excesivo en conmutador. Componente no se encontraba planificado para cambio en lado izquierdo para la semana W20.",Conmutador,Flashover,200214262,400371516,240519140640,2735494,10373277,#EE21060101,200324039,88711,18126660,,CERRADO,,,,Producto,,,1003.0,0.05015,I,51,101,2024-05-13,2024-08-22
9,2023-W33,860,#EE13101143,bl,2023,33,Blower,Blower,960E,IZQUIERDO,2023-08-14,56352,12971,0.0,20000,0.64855,"Se procede a cambio de blower N°1 , Ya que se evalua equipo encontrando codigo36/2. Se revisa blower de parrillas y el blower izquierdo presenta flashover por carbones cortos. Componente no es considerado para cambio en plan semanal W33.",,Flashover,200199520,400355134,230815113252,2584048,10361161,#EE14020214,200177301,83227,18121627,,CERRADA,,,,Producto,,,5746.0,0.2873,I,51,101,2023-08-14,2023-11-23
9,2023-W49,876,#EE06120635,bl,2023,49,Blower,,,,,,,,,,,,,,,,,,,,,,,,,,,,,,,,I,51,101,2023-12-04,2024-03-14
9,2024-W14,877,#EE19010005,bl,2024,14,Blower,Blower,960E,IZQUIERDO,2024-04-02,53225,11759,0.0,20000,0.58795,Se realiza cambio de blower 1 por daño en delgas conmutador. Componente es considerado dentro del plan semanal,Delgas,Conmutador,200240591,400368519,240402125944,2708894,10371224,#EE06040239,200006173,87604,18125651,,CERRADO,,,,Producto,,,1802.0,0.0901,I,51,101,2024-04-01,2024-07-11
10,2023-W34,876,#EE13080690,bl,2023,34,Blower,Blower,960E,DERECHO,2023-08-21,47757,5652,0.0,20000,0.2826,"Se realiza cambio de blower N°2 por evidencia de flashover, componente no es considerado para cambio en plan semanal W33.",Flashover,Flashover,200199945,400355546,230821152341,2587093,10361470,#EE06120635,200068538,83511,18121992,,CERRADA,,,,Mantenimiento,,,5627.0,0.28135,I,51,101,2023-08-21,2023-11-30
10,2023-W50,867,#EE06040239,bl,2023,50,Blower,,,,,,,,,,,,,,,,,,,,,,,,,,,,,,,,I,51,101,2023-12-11,2024-03-21
10,2024-W15,399,#EE11050262,bl,2024,15,Blower,Blower,960E,IZQUIERDO,2024-04-14,70371,4033,0.0,20000,0.20165,Se realiza cambio de blower izquierdo por daño en conmutador. Componente es considerado dentro del plan semanal W15,Conmutador,Conmutador,200093613,400369378,240414171804,2716271,10371782,#EE05100472,200282578,87787,18125948,,CERRADO,,,,Producto,,,1598.0,0.0799,I,51,101,2024-04-08,2024-07-18
11,2023-W34,882,#EE14080990,bl,2023,34,Blower,Blower,960E,DERECHO,2023-08-21,50549,5863,0.0,20000,0.29315,Durante la mantención de TKD 882 Blower se encontraba con seguimiento desde la W30 por flashover en porta carbones. Componente saliente y entrante fuero reparados por empresa ElectransComponente es considerado dentro de plan semanal,,,200214757,400355457,230821152723,2587074,10361472,#EE14010080,200333292,Montado por Leslie Jollares , -,,CERRADA,,,,Producto,,,5627.0,0.28135,I,51,101,2023-08-21,2023-11-30
11,2024-W01,860,#EE13060826,bl,2024,01,Blower,,,,,,,,,,,,,,,,,,,,,,,,,,,,,,,,I,51,101,2024-01-01,2024-04-11
11,2024-W16,867,#EE06040201,bl,2024,16,Blower,Blower,960E,IZQUIERDO,2024-04-18,60255,8628,,20000,0.4314,"Se procede a cambio de blower N°1, ya que se presenta conmutador con flashover en inspección en PM, Componente no es considerado para cambio en plan semanal W16.",Conmutador,Flashover,200015813,400369910,240421154726,2720515,10372072,#EE15101887,200248243,88119,18126163,,CERRADO,,,,Producto,,,,,I,51,101,2024-04-15,2024-07-25
12,2023-W35,849,#EE14020271,bl,2023,35,Blower,Blower,960E,IZQUIERDO,2023-09-01,68070,2860,0.0,20000,0.143,Se realiza cambio de blower izquierdo por daño en conmutador. Componente es considerado dentro del plan semanal,Flashover,Flashover,200209824,400366641,240227095139,2688770,10369664,#EE21080658,200322954,86959,,,CERRADO,,,,Producto,,,5440.0,0.272,I,51,101,2023-08-28,2023-12-07
12,2024-W03,879,#EE13101312A,bl,2024,03,Blower,,,,,,,,,,,,,,,,,,,,,,,,,,,,,,,,I,51,101,2024-01-15,2024-04-25
12,2024-W16,881,#EE04070186,bl,2024,16,Blower,Blower,960E,IZQUIERDO,2024-04-20,46350,3415,0.0,20000,0.17075,"Se procede a cambio de blower N°1, se revisan carbones y conmutador encontrandose con chisporroteo y codigo 39. Componente no es considerado para cambio en plan semanal W16.",Conmutador,Conmutador,200033597,400369868,240421120045,2720408,10372059,#EE14050656,200183679,88118,18126164,,CERRADO,,,,Producto,,,1496.0,0.0748,I,51,101,2024-04-15,2024-07-25
13,2023-W37,868,#EE18060073,bl,2023,37,Blower,Blower,960E,IZQUIERDO,2023-09-13,55840,25334,1.0,20000,1.2667,Se realiza cambio de blower izuiqerdo por TBO. Componente es considerado dentro del plan semanal,TBO,TBO,200235666,400357055,230914080838,2599492,10362484,#EE12050060,200116230,84212,18122067,,CERRADA,,,,TBO,,,5236.0,0.2618,P,51,101,2023-09-11,2023-11-01
13,2024-W05,289,#EE14091188,bl,2024,05,Blower,,,,,,,,,,,,,,,,,,,,,,,,,,,,,,,,I,51,101,2024-01-29,2024-05-09
13,2024-W18,851,#EE10040299,bl,2024,18,Blower,,,,,,,,,,,,,,,,,,,,,,,,,,,,,,,,I,51,101,2024-04-29,2024-08-08
1,2023-W27,870,#EMYK00473,cd,2023,27,Cilindro Dirección,Cilindro Dirección,960E,IZQUIERDO,2023-07-05,52458,12829,1.0,12000,1.06908333333333,"Se procede a cambio de cilindro dirección izquierdo por TBO, Componente es considerado dentro del plan semanal",TBO,TBO,200243021,400357432, 230925133353,2603983,10362750,#EMWH340,200105839,84049,18122408,,CERRADA,,,,TBO,,,6426.0,0.5355,P,46,96,2023-07-03,2023-08-18
1,2023-W51,879,#EMWH336,cd,2023,51,Cilindro Dirección,Cilindro Dirección,960E,IZQUIERDO,2023-12-23,52734,8670,0.0,12000,0.7225,Se realiza cambio de cilindro de dirección izquierdo por fuga en vastago. Componente es considerado dentro del plan semanal,Fuga Vastago,Fuga Vastago,200291203,400362965,231225022437,2654112,10366623,#EMVB215	,200154498,85902,18123923,,CERRADO,,,,Producto,,,3519.0,0.29325,I,46,96,2023-12-18,2024-03-23
1,2024-W24,866,#EMWL374,cd,2024,24,Cilindro Dirección,Cilindro Dirección,960E,DERECHO,2024-06-15,60868,11263,12046.0,12000,0.938583333333333,"Se realiza cambio de cilindro de dirección derecho por cumplimiento de su TBO establecido, componente no es considerado para cambio en plan semanal W24.",TBO,TBO,200195396,400373424,240616185853,2750962,10374643,#EMWK311,200123928,89602,"
18127222",,CERRADO,,,,TBO,,,544.0,0.0453333333333333,P,46,96,2024-06-10,2024-07-26
2,2023-W27,851,#EMWG300,cd,2023,27,Cilindro Dirección,Cilindro Dirección,960E,IZQUIERDO,2023-07-05,65105,11368,1.0,12000,0.947333333333333,"Se procede a cambio de cilindro dirección izquierdo por TBO, Componente es considerado dentro del plan semanal",TBO,TBO,200195391,400352749,230706100539,2563241,10359569,#EMWH335,200195239,82443,18121202,,CERRADA,,,,TBO,,,6426.0,0.5355,P,46,96,2023-07-03,2023-08-18
2,2023-W52,882,#26KF32,cd,2023,52,Cilindro Dirección,,,,,,,,,,,,,,,,,,,,,,,,,,,,,,,,I,46,96,2023-12-25,2024-03-30
2,2024-W25,869,#EMVM323,cd,2024,25,Cilindro Dirección,Cilindro Dirección,960E,IZQUIERDO,2024-06-20,59323,13340,1.0,12000,1.11166666666667,"Se realiza cambio de cilindro de dirección izquierdo por cumplimiento de su TBO establecido, componente es considerado para cambio en plan semanal W25.",TBO,TBO,200195387,400373666,240622163253,2754130,10374874,#EMTC052,200234867,89622,18127319,,CERRADO,,,,TBO,,,459.0,0.03825,P,46,96,2024-06-17,2024-08-02
3,2023-W27,856,#EMYK00482,cd,2023,27,Cilindro Dirección,Cilindro Dirección,960E,DERECHO,2023-07-07,59458,8237,0.0,12000,0.686416666666667,"Se procede a cambio de cilindro de dirección derecho por fuga en vastago, componente es considerado dentro del plan semanal",Fuga Vastago,Fuga por sello vastago,200235524,400352845,230707130047,2563875,10359649,#51-LB24,200136718,82730,18120999,,CERRADA,,,,Producto,,,6392.0,0.532666666666667,I,46,96,2023-07-03,2023-10-07
3,2024-W01,882,#26KF32,cd,2024,01,Cilindro Dirección,Cilindro Dirección,960E,DERECHO,2024-01-01,52965,5677,0.0,12000,0.473083333333333,Se realiza cambio de cilindro dirección derecho por fuga en vastago. Componente no es considerado dentro del plan semanal,Fuga Vastago,Fuga Vastago,200237146,400364367,240116122141,2666923,10367684,#EMVJ297,200221783,86404,18124252,,CERRADO,,,,Producto,,,3366.0,0.2805,I,46,96,2024-01-01,2024-04-06
3,2024-W26,855,#EMYK00476,cd,2024,26,Cilindro Dirección,Cilindro Dirección,960E,IZQUIERDO,2024-06-27,57255,12181,1.0,12000,1.01508333333333,"Se realiza cambio de cilindro de dirección izquierdo por valores en rango medio de rotula al igual componente se encontraba para cambio por su TBO establecido, componente es considerado para cambio en plan semanal W26.",TBO,TBO,200286739,400374005,240629112506,2758122,10375272,#EMXK395,200205181,89852,18127503,,CERRADO,,,,TBO,,,340.0,0.0283333333333333,P,46,96,2024-06-24,2024-08-09
4,2023-W28,849,#60-LB60,cd,2023,28,Cilindro Dirección,Cilindro Dirección,960E,IZQUIERDO,2023-07-12,67232,8909,0.0,12000,0.742416666666667,"Se procede a cambio de cilindro de dirección izquierdo por fuga de aceite hidraulico por vastago, componente es considerado para cambio en plan semanal w28.",Fuga Vastago,Fuga por sello vastago,200136913,400353304,230715184217,2567965,10360024,#EMWH0329,200207304,82827,18121204,,CERRADA,,,,Producto,,,6307.0,0.525583333333333,I,46,96,2023-07-10,2023-10-14
4,2024-W02,398,#EMWL373,cd,2024,02,Cilindro Dirección,Cilindro Dirección,960E,IZQUIERDO,2024-01-12,68850,7461,0.0,12000,0.62175,Se procede a cambio de cilindro de dirección izquierdo por Rotulas de cilindro de direccion fuera de rango. Componente no es considerado para cambio en plan semanal W2.,ROTULA,ROTULA,200210295,400364236,240115114254,2666245,10367665,#EMWB290,200204615,86304,18124265,,CERRADO,,,,Producto,,,3179.0,0.264916666666667,I,46,96,2024-01-08,2024-04-13
4,2024-W26,855,#469,cd,2024,26,Cilindro Dirección,Cilindro Dirección,960E,DERECHO,2024-06-27,57255,8191,0.0,12000,0.682583333333333,"Se realiza cambio cilindro de dirección DERECHO ya que en medición de juego radial de rotula de cilindro dirección se detecto que los valores estan en rango alto, componente es considerado para cambio en plan semanal W26.",ROTULA,ROTULA,200316531,400373957,240629112331,2758204,10375270,#EMYK00485,200235846,89851,18127502,,CERRADO,,,,Producto,,,340.0,0.0283333333333333,I,46,96,2024-06-24,2024-09-28
5,2023-W28,857,#EMXK395,cd,2023,28,Cilindro Dirección,Cilindro Dirección,960E,DERECHO,2023-07-16,60560,7067,0.0,12000,0.588916666666667,"Se procede a cambio cilindro de dirección derecho por fuga de aceite hidraulico por lado vastago, componente no es considerado para cambio en plan semanal W28.",,Fuga por sello vastago,200205181,400353317,230717174400,2568831,10360099,#EMWB294,200204505,82884,18121223,,CERRADA,,,,Producto,,,6239.0,0.519916666666667,I,46,96,2023-07-10,2023-10-14
5,2024-W04,882,#EMXK392,cd,2024,04,Cilindro Dirección,Cilindro Dirección,960E,IZQUIERDO,2024-01-26,53573,6985,0.0,12000,0.582083333333333,"Se procede a cambio de cilindro de dirección por fuga de aceite por vastago en un 25% aprox, componente es considerado para cambio en plan semanal W4.",VASTAGO,FUGA,200209284,400366624,240227100325,2688746,10369704,#EMYK00482,200235524,86964,,,CERRADO,,,,Producto,,,2941.0,0.245083333333333,I,46,96,2024-01-22,2024-04-27
6,2023-W29,866,#EMVW318,cd,2023,29,Cilindro Dirección,Cilindro Dirección,960E,IZQUIERDO,2023-07-22,54740,5670,0.0,12000,0.4725,Se procede a cambiar cilindro dirección izquierdo por fuga en vastago. Componente esconsiderado dentro de plan semanal,Fuga Vastago,Fuga aceite en vastago,200204614,400353598,230724082824,2571783,10360278,#EMWJ354,200180878,82924,18121350,,CERRADA,,,,Producto,,,6137.0,0.511416666666667,I,46,96,2023-07-17,2023-10-21
6,2024-W06,870,#EMYK00487,cd,2024,06,Cilindro Dirección,,,,,,,,,,,,,,,,,,,,,,,,,,,,,,,,I,46,96,2024-02-05,2024-05-11
7,2023-W29,869,#EMYK00485,cd,2023,29,Cilindro Dirección,Cilindro Dirección,960E,DERECHO,2023-07-23,53245,11836,1.0,12000,0.986333333333333,Se procede a cambiar cilindro de dirección derecho por TBO. Componente es considerado dentro del plan semanal,TBO,TBO,200235846,400353628,230724084935,2571766,10360286,#EMYK00480,200235847,82928,18121352,,CERRADA,,,,TBO,,,6120.0,0.51,P,46,96,2023-07-17,2023-09-01
7,2024-W06,870,#EMWH340,cd,2024,06,Cilindro Dirección,,,,,,,,,,,,,,,,,,,,,,,,,,,,,,,,I,46,96,2024-02-05,2024-05-11
8,2023-W31,847,#EMWB291,cd,2023,31,Cilindro Dirección,Cilindro Dirección,960E,IZQUIERDO,2023-08-02,67133,13033,1.0,12000,1.08608333333333,Se realiza cambio de cilindro de dirección izquierdo por TBO. Componente es considerado dentro del plan semanal,TBO,TBO,200208482,400354442,230803121744,2578031,10360699,#EMWH347,200123929,83023,18121482,,CERRADA,,,,TBO,,,5950.0,0.495833333333333,P,46,96,2023-07-31,2023-09-15
8,2024-W11,881,#67LB23,cd,2024,11,Cilindro Dirección,Cilindro Dirección,960E,DERECHO,2024-03-14,46245,11988,1.0,12000,0.999,Se realiza cambio de cilindro de dirección por TBO. Componente es considerado dentro del plan semanal W11,TBO,TBO,200207267,400367596,240316080748,2699121,10370546,#EMVD277,200195390,87233,18125308,CERRADO,CERRADO,,,,TBO,,,2125.0,0.177083333333333,P,46,96,2024-03-11,2024-04-26
9,2023-W33,873,#EMYA460,cd,2023,33,Cilindro Dirección,Cilindro Dirección,960E,IZQUIERDO,2023-08-18,50051,8268,0.0,12000,0.689,Se realiza cambio de cilindro de dirección por fuga excesiva en vastago. Componente es considerado dentro del plan semanal,Fuga Vastago,Fuga aceite en vastago,200285425,400355440,230819083548,2586143,10361381,#EMYK00484,200236849,83451,18121991,,CERRADA,,,,Producto,,,5678.0,0.473166666666667,I,46,96,2023-08-14,2023-11-18
9,2024-W14,877,#EMXK393,cd,2024,14,Cilindro Dirección,Cilindro Dirección,960E,DERECHO,2024-04-02,53225,11421,1.0,12000,0.95175,Se realiza cambio de cilindro de dirección derecho por TBO. Componente es considerado dentro del plan semanal W14,TBO,TBO,200204406,400368809,240402162625,2709384,10371232,#EMYK00473,200243021,87579,18125652,,CERRADO,,,,TBO,,,1802.0,0.150166666666667,P,46,96,2024-04-01,2024-05-17
10,2023-W34,858,#73LB-36,cd,2023,34,Cilindro Dirección,,,,,,,,,,,,,,,,,,,,,,,,,,,,,,,,I,46,96,2023-08-21,2023-11-25
10,2024-W15,864,#EMWH0337,cd,2024,15,Cilindro Dirección,Cilindro Dirección,960E,DERECHO,2024-04-11,53225,12655,1.0,12000,1.05458333333333,Se realiza cambio de cilindro de dirección derecho por TBO. Componente es considerado dentro del plan semanal W15,TBO,TBO,200204495,400369318,240412081516,2715342,10371681,#EMVW318,200204614,87875,18125947,,CERRADO,,,,TBO,,,1649.0,0.137416666666667,P,46,96,2024-04-08,2024-05-24
11,2023-W36,854,#EMVD277,cd,2023,36,Cilindro Dirección,Cilindro Dirección,960E,DERECHO,2023-09-09,64260,12434,1.0,12000,1.03616666666667,"Se realiza cambio de cilindro de dirección derecho por cumplimiento de TBO establecido, componente es considerado para cambio en plan semanal W36.",TBO,TBO,200195390,400356922,230910130225,2597662,10362268,#65-LB32,200136951,84009,18122182,,CERRADA,,,,TBO,,,5304.0,0.442,P,46,96,2023-09-04,2023-10-20
11,2024-W17,878,#EMXM445,cd,2024,17,Cilindro Dirección,Cilindro Dirección,960E,IZQUIERDO,2024-04-22,57606,4446,0.0,12000,0.3705,"Se procede a cambio de cilindro dirección izquierdo por juego axial en rotula de cilindro de dirección, se evalua y valores estan sobre el rango, Componente es considerado pra cambio en plan semanal W16.",VASTAGO,FUGA,200195258,400369992,240423113334,2721511,10372209,#EMWL370,200195746,88169,18126166,,CERRADO,,,,Producto,,,1462.0,0.121833333333333,I,46,96,2024-04-22,2024-07-27
12,2023-W38,872,#EMWL370,cd,2023,38,Cilindro Dirección,Cilindro Dirección,960E,DERECHO,2023-09-21,53368,7902,0.0,12000,0.6585,Se procede a cambio de cilindro de dirección derecho por presentar fuga de aceite hidraulico en un 30% en lado vastago. Componente es considerado para cambio en plan semanal W38.,,,200195746,400357684,230927124426,2605860,10362859,#EMWH034,200232098,84277,18122394,,CERRADA,,,,Producto,,,5100.0,0.425,I,46,96,2023-09-18,2023-12-23
12,2024-W18,867,#B501CH3001-001,cd,2024,18,Cilindro Dirección,Cilindro Dirección,960E,DERECHO,2024-05-02,60460,5314,0.0,12000,0.442833333333333,Se procedea a cambio de cilindro de dirección derecho ya que se encuentra daño en alojamiento de vástago. Componente es considerado para cambio en plan semanal W18.,ROTULA,ROTULA,200329857,400370822,240506122046,2728135,10372694,#EMYA460,200285425,88365,18126365,,CERRADO,,,,Producto,,,1292.0,0.107666666666667,I,46,96,2024-04-29,2024-08-03
13,2023-W38,871,#EMWK311,cd,2023,38,Cilindro Dirección,Cilindro Dirección,960E,DERECHO,2023-09-24,52782,17793,1.0,12000,1.48275,"Se procede a cambio de cilindro de dirección derecho por cumplir TBO establecido, componente es considerado para cambio en plan semanal W38.",TBO,TBO,200123928,400361464,231127173614,2639981,10365436,#EMWK308,200194447,85374,18123480,,CERRADO,,,,TBO,,,5049.0,0.42075,P,46,96,2023-09-18,2023-11-03
13,2024-W20,856,#EMVJ300,cd,2024,20,Cilindro Dirección,Cilindro Dirección,960E,IZQUIERDO,2024-05-15,65155,10429,0.0,12000,0.869083333333333,"Se procede a cambio de cilindro dirección izquierdo por fuga en vástago, componente es considerado para cambio en plan semanal W20.",VASTAGO,FUGA,200195376,400371332,240516084934,2733667,10373135,#EMWH340,200105839,88387,18126520,,CERRADO,,,,Producto,,,1071.0,0.08925,I,46,96,2024-05-13,2024-08-17
14,2023-W44,861,#EMXM437,cd,2023,44,Cilindro Dirección,Cilindro Dirección,960E,IZQUIERDO,2023-10-31,58256,7552,0.0,12000,0.629333333333333,Se realiza cambio de cilindro de dirección izquierdo por fuga en vastago. Componente es considerado dentro del plan semanal,Fuga Vastago,Fuga Vastago,200195240,400361277,231125113504,2638666,10365371,#EMWG300,200195391,85439,18123420,,CERRADO,,,,Producto,,,4420.0,0.368333333333333,I,46,96,2023-10-30,2024-02-03
14,2024-W21,857,#EMWK308-1,cd,2024,21,Cilindro Dirección,Cilindro Dirección,960E,IZQUIERDO,2024-05-26,69166,10293,0.0,12000,0.85775,Se realiza cambio de cilindro direccion izquierdo por fuga en vastago. Componente es considerado dentro del plan semanal,VASTAGO,FUGA,200300007,,,,,#26KF32,200237146,,,,,,,,Producto,,,884.0,0.0736666666666667,I,46,96,2024-05-20,2024-08-24
15,2023-W46,848,#SW-CD73,cd,2023,46,Cilindro Dirección,Cilindro Dirección,960E,IZQUIERDO,2023-11-16,69815,5278,0.0,12000,0.439833333333333,"Se procede a cambio de cilindro dirección izquierdo por fuga  aceite hidraulico en vastago, componente es considerado para cambio en plan semanal W46.",Fuga Vastago,Fuga aceite en vastago,200312515,400360926,231120110126,2635363,10365086,#73-LB36,200136964,85361,18123303,,CERRADO,,,,Producto,,CILINDRO SALIENTE ES PROPIEDAD DE CLIENTE,4148.0,0.345666666666667,I,46,96,2023-11-13,2024-02-17
15,2024-W22,867,#463,cd,2024,22,Cilindro Dirección,Cilindro Dirección,960E,IZQUIERDO,2024-05-29,60960,8101,0.0,12000,0.675083333333333,"Se procede a cambio de cilindro dirección izquierdo por juego radial de rotulas de barra de dirección y cilindro, valores se encuentran sobre el rango medio, componente es considerado para cambio en plan semanal W22.",ROTULA,ROTULA,200314851,400372503,240602153551,2743021,10373891,#EMTG094-1,200279049,89301,18126960,,CERRADO,,,,Producto,,,833.0,0.0694166666666667,I,46,96,2024-05-27,2024-08-31
16,2023-W51,874,#63LB30,cd,2023,51,Cilindro Dirección,Cilindro Dirección,960E,IZQUIERDO,2023-12-19,55875,11622,1.0,12000,0.9685,"Se realiza cambio de cilindro dirección izquierdo por fuga, componente es considerado dentro de plan semanal",Fuga Vastago,Fuga Vastago,200195761,400363190,231228160022,2656285,10366888,#EMWH330,200207268,85971,18123942,,CERRADO,,,,Producto,,,3587.0,0.298916666666667,P,46,96,2023-12-18,2024-02-02
16,2024-W24,850,#EMXH385,cd,2024,24,Cilindro Dirección,Cilindro Dirección,960E,IZQUIERDO,2024-06-12,73145,12739,1.0,12000,1.06158333333333,"Se realiza cambio de cilindro de dirección izquierdo por cumplimiento de su TBO establecido, componente es considerado para cambio en plan semanal W24.",TBO,TBO,200195384,400373441,240616190648,2750944,10374653,#EMXM437,200195240,89651,"
18127221",,CERRADO,,,,TBO,,,595.0,0.0495833333333333,P,46,96,2024-06-10,2024-07-26
1,2023-W30,872,#178,cl,2023,30,Cilindro Levante,CILINDRO LEVANTE,960E,IZQUIERDO,2023-07-30,52314,50181,1.0,26000,1.93003846153846,Se realiza cambio de cilindro le de levante izquierdo por TBO. Componente es considerado dentro del plan semanal,TBO,TBO,200332587,400354426,230804092559,2578011,10360783,#RLTL774,200296277,83024,18121481,,CERRADA,,,,TBO,,,6001.0,0.230807692307692,P,75,135,2023-07-24,2023-10-07
1,2024-W22,399,#LM017275,cl,2024,22,Cilindro Levante,CILINDRO LEVANTE,960E,IZQUIERDO,2024-05-27,71322,41005,1.0,24000,1.70854166666667,Se realiza cambio de cilindro de levante izquierdo por daño en una de las etapas del cilindro de levante. Componente no esconsiderado dentro del plan semanal,VASTAGO,FUGA,200150571,400372071,240528100340,2739908,10373574,#223,200175978,89052,18126860,,CERRADO,,,,Producto/TBO,,,867.0,0.036125,P,75,135,2024-05-27,2024-08-10
2,2023-W35,861,#RLTC707,cl,2023,35,Cilindro Levante,CILINDRO LEVANTE,960E,DERECHO,2023-09-03,57182,17578,0.0,26000,0.676076923076923,Se realiza cambio de cilindro de levante derecho por fuga excesiva en vástago. Componente no es considerado dentro del plan semanal,Fuga Vastago,Fuga Vastago,200136690,400356460,230903184056,2593950,10362001,#2263,200329997,83801,18122226,,CERRADA,,,,Producto,,,5406.0,0.207923076923077,I,75,135,2023-08-28,2024-01-10
2,2024-W22,399,#223,cl,2024,22,Cilindro Levante,CILINDRO LEVANTE,960E,IZQUIERDO,2024-06-01,71392,70,0.0,24000,0.00291666666666667,"Se procede a cambio de cilindro de levante izquierdo por imprevisto, componente queda pegado en segunda etapa y en bajada se cae de golpe la segunda etapa. Componente no es considerado para cambio en plan semanal W22",,,200175978,400372465,240602155246,2743041,10373899,#LM017651,200186142,89302,18126961,,CERRADO,,,,Producto,,,782.0,0.0325833333333333,I,75,135,2024-05-27,2024-10-09
3,2023-W41,856,#101,cl,2023,41,Cilindro Levante,CILINDRO LEVANTE,960E,IZQUIERDO,2023-10-13,61224,50637,1.0,26000,1.94757692307692,Se procede a cambio de cilindro levante izquierdo debido a la activación de la estrategia de cambio a las 24.000 hrs. componente es considerado para cambio en plan semanal W41.,TBO,TBO,200132074,400358818,231016183233,2617332,10363668,#177,200322020,84433,18122785,,CERRADO,,,,TBO,,,4726.0,0.181769230769231,P,75,135,2023-10-09,2023-12-23
4,2023-W51,398,#LM017653,cl,2023,51,Cilindro Levante,CILINDRO LEVANTE,960E,DERECHO,2023-12-18,69670,40455,1.0,26000,1.55596153846154,Se procede a cambio de cilindro levante derecho por cumplimiento de su TBO establecido. Componente es considerado para cambio en plan semanala W51.,TBO,TBO,200186143,400362948,231226121828,2654612,10366698,#197,200175988,86005,18123931,,CERRADO,,,,TBO,,,3604.0,0.138615384615385,P,75,135,2023-12-18,2024-03-02
5,2024-W02,883,#223,cl,2024,02,Cilindro Levante,CILINDRO LEVANTE,960E,IZQUIERDO,2024-01-08,54159,51570,1.0,26000,1.98346153846154,Se realiza cambio de cilindro levante por TBO. Componente es considerado dentro de plan semanal,TBO,TBO,200175978,400363875,240109113134,2662922,10367297,#2231,200173892,86085,18124051,,CERRADO,,,,TBO,,,3247.0,0.124884615384615,P,75,135,2024-01-08,2024-03-23
6,2024-W02,883,#222,cl,2024,02,Cilindro Levante,CILINDRO LEVANTE,960E,DERECHO,2024-01-08,54159,51570,1.0,26000,1.98346153846154,Se realiza cambio de cilindro levante por TBO. Componente es considerado dentro de plan semanal,TBO,TBO,200175979,400363876,240109113246,2662923,10367299,#RLTB706,200105841,86086,18124052,,CERRADO,,,,TBO,,,3247.0,0.124884615384615,P,75,135,2024-01-08,2024-03-23
7,2024-W08,856,#LM021235,cl,2024,08,Cilindro Levante,CILINDRO LEVANTE,960E,DERECHO,2024-02-21,63591,52793,1.0,26000,2.0305,Se realiza cambio de cilindro de levante derecho por cumplimiento de TBO establecido. Componente es considerado para cambio en plan semanal W08.,TBO,TBO,200132098,400366453,240226172732,2688322,10369639,#30843,200301997,86846,18125010,,CERRADO,,,,TBO,,,2499.0,0.0961153846153846,P,75,135,2024-02-19,2024-05-04
8,2024-W08,870,#180,cl,2024,08,Cilindro Levante,CILINDRO LEVANTE,960E,DERECHO,2024-02-23,56864,54320,1.0,26000,2.08923076923077,Se realiza cambio de cilindro de levante derecho por cumplimiento de TBO establecido. Componente es considerado para cambio en plan semanal W08.,TBO,TBO,200342359,400366454,240226172936,2688324,10369681,#214,200175987,86847,18125011,,CERRADO,,,,TBO,,,2465.0,0.0948076923076923,P,75,135,2024-02-19,2024-05-04
9,2024-W13,859,#LM017272,cl,2024,13,Cilindro Levante,CILINDRO LEVANTE,960E,DERECHO,2024-03-28,59740,19902,0.0,26000,0.765461538461538,"En inspección de equipo se detecta que no ingresa suficiente grasa a la rótula inferior del cilindro de levante lado derecho, presentado indicios de oxidación de la rótula, por lo que se genera orden de servicio N° 418164723 para el cambio del cilindro levante lado derecho. Componente es considerado dentro del plan semanal.",ROTULA,ROTULA,200028780,400368319,240401102100,2707447,10371143,#RLTF736,200136952,87477,18125652,,CERRADO,,,,Mantenimiento,,,1887.0,0.0725769230769231,I,75,135,2024-03-25,2024-08-07
10,2024-W13,869,#173,cl,2024,13,Cilindro Levante,CILINDRO LEVANTE,960E,DERECHO,2024-03-30,57842,55465,1.0,26000,2.13326923076923,Se realiza cambio de cilindro de levante derecho por TBO. Componente es considerado dentro del plan semana W13,TBO,TBO,200343220,400368436,240401101231,2707485,10371138,#LM017653,200186143,87474,18125630,,CERRADO,,,,TBO,,,1853.0,0.0712692307692308,P,75,135,2024-03-25,2024-06-08
11,2024-W14,866,#131-1,cl,2024,14,Cilindro Levante,CILINDRO LEVANTE,960E,IZQUIERDO,2024-04-01,59542,13015,0.0,26000,0.500576923076923,Se realiza  cambio cilindro levante izquierdo por  fuga en tapa superior. Componente es considerado dentro del plan semanal,TAPA SUPERIOR,FUGA,200176279,400368637,240402083654,2708622,10371221,#179,200327066,87603,18125650,,CERRADO,,,,Producto,,,1819.0,0.0699615384615385,I,75,135,2024-04-01,2024-08-14
12,2024-W20,873,#186,cl,2024,20,Cilindro Levante,,,,,,,,,,,,,,,,,,,,,,,,,,,,,,,,I,75,135,2024-05-13,2024-09-25
13,2024-W20,873,#186,cl,2024,20,Cilindro Levante,,,,,,,,,,,,,,,,,,,,,,,,,,,,,,,,I,75,135,2024-05-13,2024-09-25
1,2023-W28,874,#240,cms,2023,28,CMSD,Suspension Delantera,960E,IZQUIERDO,2023-07-12,53113,11361,0.0,15000,0.7574,"Se procede a cambio de suspensión delantera izquierda por fuga de aceite en vastago, componente es considerado para cambio en plan semanal W28.",Suspensión,Fuga aceite en vastago,200194533,400353225,230715182609,2568007,10360018,#148,200105815,82824,18121205,,CERRADA,,,,Producto,,,6307.0,0.420466666666667,I,64,124,2023-07-10,2023-11-11
1,2023-W46,850,#107,cms,2023,46,CMSD,Suspension Delantera,960E,DERECHO,2023-11-18,69313,13791,1.0,15000,0.9194,"Se procede a cambio de suspensión delantera derecha por fuga de aceite en vastago, componente es considerado para cambio en plan semanal W46.",Fuga Vastago,Fuga aceite en vastago,200028792,400360909,231120112306,2635352,10365088,#201-1,200198281,85362,18123304,,CERRADO,,,,Producto,SELLO HEAVY DUTY,NORMAL,4114.0,0.274266666666667,P,64,124,2023-11-13,2024-01-16
1,2024-W12,867,#153,cms,2024,12,CMSD,Suspension Delantera,960E,DERECHO,2024-03-24,59807,23060,1.0,15000,1.53733333333333,"Se procede a cambio de suspensión delantera derecha por fuga en vastago y cumplimiento de TBO establecido, componente es considerado para cambio en plan semanal W12.",TBO,TBO,200105857,400368072,240325152044,2704156,10370824,#108,200028791,87370,18125411,,CERRADO,,,,TBO,,,1955.0,0.130333333333333,P,64,124,2024-03-18,2024-05-21
1,2024-W22,863,#236,cms,2024,22,CMSD,Suspension Delantera,960E,DERECHO,2024-06-02,58160,7552,0.0,15000,0.503466666666667,"Se procede a cambio de suspensión delantera derecha por fuga de aceite en vastago y por golpe, componente es considerado para cambio en plan semanal W22.",VASTAGO,FUGA,200179665,400372443,240602164121,2743084,10373907,#122,200164828,89305,18126963,,CERRADO,,,,Producto,SELLO HEAVY DUTY,NORMAL,765.0,0.051,I,64,124,2024-05-27,2024-09-28
2,2023-W30,875,#201-1,cms,2023,30,CMSD,Suspension Delantera,960E,IZQUIERDO,2023-07-26,52899,6089,,15000,0.405933333333333,En inspección por parte de personal MEL se detecta fuga excesiva en vástago de suspensión delantera izquierda. Componente es considerado dentro del plan semanal,,Fuga aceite en vastago,200198281,400356196,230902171215,2593681,10361933,#227,200177634,83563,18121989,,CERRADA,,,,Producto,,,6069.0,0.4046,I,64,124,2023-07-24,2023-11-25
2,2023-W47,874,#006,cms,2023,47,CMSD,Suspension Delantera,960E,DERECHO,2023-11-25,55428,19180,1.0,15000,1.27866666666667,Se procede a cambio de CMSP2 por cumplimiento de TBO. Componente es considerado dentro del plan semanal,TBO,TBO,200180210,400361173,231125183237,2638906,10365195,#101,200175888,85367,18123422,,CERRADO,,,,TBO,SELLO HEAVY DUTY,NORMAL,3995.0,0.266333333333333,P,64,124,2023-11-20,2024-01-23
2,2024-W05,866,#107-1,cms,2024,05,CMSD,Suspension Delantera,960E,DERECHO,2024-02-04,58448,7316,0.0,15000,0.487733333333333,Se realiza cambio de CMSP2 por fuga en vastago. componente es considerado dentro del plan semanal,VASTAGO,FUGA,200186045,400365466,240205073633,2677601,10368737,#107,200028792,86582,18124630,,CERRADO,,,,Producto,SELLO HEAVY DUTY,NORMAL,2788.0,0.185866666666667,I,64,124,2024-01-29,2024-06-01
2,2024-W17,857,#190,cms,2024,17,CMSD,Suspension Delantera,960E,DERECHO,2024-04-28,68648,8499,0.0,15000,0.5666,Se realiza cambio de CMSP2 por fuga en vastago. Componente es considerado dentro del plan semanal W17,VASTAGO,FUGA,200136710,400370362,240428180157,2724440,10372453,#125,200164829,88024,18126247,,CERRADO,,,,Producto,SELLO HEAVY DUTY,NORMAL,1360.0,0.0906666666666667,I,64,124,2024-04-22,2024-08-24
3,2023-W31,854,#223,cms,2023,31,CMSD,Suspension Delantera,960E,IZQUIERDO,2023-08-03,63377,1800,0.0,15000,0.12,Se realiza cambio de CMSP1 por fuga excesiva en vástago. Componente es considerado dentro del plan selamal,Fuga Vastago,Fuga aceite en vastago,200169529,400354497,230806100114,2579396,10360834,#198,200179367,83114,18121483,,CERRADA,,,,Producto,,,5933.0,0.395533333333333,I,64,124,2023-07-31,2023-12-02
3,2023-W52,883,#241,cms,2023,52,CMSD,Suspension Delantera,960E,DERECHO,2023-12-30,53937,30386,1.0,15000,2.02573333333333,Se realiza cambio de CMSP2 por TBO. Componente es considerado dentro del plan semanal,TBO,TBO,200218823,400363285,231231101359,2657288,10366916,#219,200177776,85973,18123986,,CERRADO,,,,TBO,,,3400.0,0.226666666666667,P,64,124,2023-12-25,2024-02-27
3,2024-W08,865,#166,cms,2024,08,CMSD,Suspension Delantera,960E,DERECHO,2024-02-25,58042,24777,1.0,15000,1.6518,"Se realiza cambio de de suspensión delantera derecha por fuga de vástago con 20.200 hrs, componente tambien se procede al cambio por TBO. Componente es considerado para cambio en plan semanal W08.",TBO,TBO,200105784,400366525,240226185154,2688345,10369672,#006,200180210,87007,18125012,,CERRADO,,,,TBO,SELLO HEAVY DUTY,NORMAL,2431.0,0.162066666666667,P,64,124,2024-02-19,2024-04-23
3,2024-W20,852,#153,cms,2024,20,CMSD,,,,,,,,,,,,,,,,,,,,,,,,,,,,,,,,I,64,124,2024-05-13,2024-09-14
4,2023-W31,859,#189,cms,2023,31,CMSD,Suspension Delantera,960E,IZQUIERDO,2023-08-06,55505,11135,0.0,15000,0.742333333333333,Se realiza cambio de CMSP1 por fuga en vastago. Componente no es considerado dentro de plan semanal,Fuga Vastago,Fuga aceite en vastago,200136709,400354564,230806101157,2579542,10360848,#139,200164833,83121,18121490,,CERRADA,,,,Producto,,,5882.0,0.392133333333333,I,64,124,2023-07-31,2023-12-02
4,2024-W01,865,#137,cms,2024,01,CMSD,Suspension Delantera,960E,IZQUIERDO,2024-01-07,57002,3353,0.0,15000,0.223533333333333,"Se procede a cambio de suspensión delantera izquierda por  fuga de aceite en vastago, componente es considerado para cambio en plan semanal W1",Fuga Vastago,Fuga Vastago,200162851,400363854,240108175657,2662485,10367288,#100,200177719,85934,18124048,,CERRADO,,,,Producto,SELLO HEAVY DUTY,NORMAL,3264.0,0.2176,I,64,124,2024-01-01,2024-05-04
4,2024-W16,866,#219,cms,2024,16,CMSD,Suspension Delantera,960E,IZQUIERDO,2024-04-20,59870,17221,1.0,15000,1.14806666666667,"Se procede a cambio de suspensión delantera izquierda por cumplimiento de TBO establecido, componente es adelantado a la semana W16 ya que tenia cambio en la W17.",TBO,TBO,200136968,400370251,240426093116,2723352,10372394,#152,200164877,88140,18126254,,CERRADO,,,,TBO,SELLO HEAVY DUTY,NORMAL,1496.0,0.0997333333333333,P,64,124,2024-04-15,2024-06-18
4,2024-W24,852,#153,cms,2024,24,CMSD,Suspension Delantera,960E,IZQUIERDO,2024-06-11,70413,8478,0.0,15000,0.5652,Se realiza cambio de CMSP1 por fuga nitrogeno y aceite por tapa superior. Componente no es considerado dentro del plan semanal,Suspensión,FUGA TAPA SUPERIOR,200164871,400373102,240611085447,2747819,10374327,#241,200218823,89335,18127167,,CERRADO,,,,Producto,SELLO HEAVY DUTY,NORMAL,612.0,0.0408,I,64,124,2024-06-10,2024-10-12
5,2023-W34,858,#196,cms,2023,34,CMSD,Suspension Delantera,960E,DERECHO,2023-08-24,64200,24629,1.0,15000,1.64193333333333,"Se procede a cambio de CMSDD, por cumplimiento de su TBO establecido, Componente es considerado para cambio en plan semanal W34.",TBO (Entrante sello Heavy Duty),TBO,200195803,400356863,230910122833,2597498,10362254,#211,200175401,84002,18122102,,CERRADA,,,,TBO,SELLO HEAVY DUTY,NORMAL,5576.0,0.371733333333333,P,64,124,2023-08-21,2023-10-24
5,2023-W43,860,#197,cms,2023,43,CMSD,Suspension Delantera,960E,DERECHO,2023-10-26,57576,5655,0.0,15000,0.377,"Se procede a cambio de CMSD- DERECHA por resistencia al rodado, componente no es considerado para cambio en plan semanal W43",,Resistencia al rodado,200136932,400361172,231125112737,2638559,10365361,	#003,200334486,85435,18123416,,CERRADO,,,,Operacional,SELLO HEAVY DUTY,NORMAL,4505.0,0.300333333333333,I,64,124,2023-10-23,2024-02-24
5,2024-W09,870,#150,cms,2024,09,CMSD,Suspension Delantera,960E,IZQUIERDO,2024-03-03,57208,17079,1.0,15000,1.1386,Se procede a cambio de suspensión delantera derecha por cumplimiento de TBO establecido. Componente es considerado para cambio en plan semanal W9.,TBO,TBO,200164868,400367007,240305094726,2692798,10370140,#143,200222074,86975,18125193,,CERRADO,,,,TBO,SELLO HEAVY DUTY,NORMAL,2312.0,0.154133333333333,P,64,124,2024-02-26,2024-04-30
5,2024-W22,871,#140,cms,2024,22,CMSD,Suspension Delantera,960E,IZQUIERDO,2024-05-27,51207,23714,1.0,15000,1.58093333333333,"Se procede a cambio de suspensión delantera izquierda por TBO, componente es considerado para cambio en plan semanal W22",TBO,TBO,200164484,400372148,240528142818,2739971,10373721,#239,200179630,89113,18126861,,CERRADO,,,,TBO,SELLO HEAVY DUTY,NORMAL,867.0,0.0578,P,64,124,2024-05-27,2024-07-30
6,2023-W35,878,#221,cms,2023,35,CMSD,Suspension Delantera,960E,IZQUIERDO,2023-09-02,53305,20276,1.0,15000,1.35173333333333,Se realiza cambio de suspensión delantera izquierda por TBO. Componente es considerado dentro del plan semanal,TBO,TBO,200176863,400356855,230912110420,2598469,10362345,#205,200208106,84110,18122181,,CERRADA,,,,TBO,SELLO HEAVY DUTY,NORMAL,5423.0,0.361533333333333,P,64,124,2023-08-28,2023-10-31
6,2023-W44,883,#100,cms,2023,44,CMSD,Suspension Delantera,960E,IZQUIERDO,2023-11-04,53100,19332,1.0,15000,1.2888,"Se procede a cambio de suspensión delantera izquierda por fuga de aceite en sellos de vastago, componente es considerado para cambio en plan semanal W44.",Fuga Vastago,Fuga aceite en vastago,200177719,400360291,231109094355,2629757,10364703,#102,200176599,84790,18123039,,CERRADO,,,,TBO,SELLO HEAVY DUTY,NORMAL,4352.0,0.290133333333333,P,64,124,2023-10-30,2024-01-02
6,2024-W10,848,#203,cms,2024,10,CMSD,Suspension Delantera,960E,IZQUIERDO,2024-03-09,71887,6937,0.0,15000,0.462466666666667,"Se procede a cambio de suspensión delantera izquierda por fuga de aceie en vástago, componente es considerado para cambio en plan semanal W10.",VASTAGO,FUGA,200136539,400367443,240313100651,2696838,10370441,#137,200162851,86989,18125282,,CERRADO,,,,Producto,SELLO HEAVY DUTY,NORMAL,2210.0,0.147333333333333,I,64,124,2024-03-04,2024-07-06
6,2024-W25,876,#202,cms,2024,25,CMSD,Suspension Delantera,960E,DERECHO,2024-06-18,,5299,0.0,15000,0.353266666666667,"Se realiza cambio de suspensión delantera derecha por fuga en vástago, componente es considerado para cambio en plan semanal W25.",Suspensión,FUGA,200162871,400373691,240624164943,2755266,10375032,#153,200105857,89631,18127380,,CERRADO,,,,Producto,SELLO HEAVY DUTY,NORMAL,493.0,0.0328666666666667,I,64,124,2024-06-17,2024-10-19
7,2023-W36,398,#203,cms,2023,36,CMSD,Suspension Delantera,960E,IZQUIERDO,2023-09-08,67900,16847,1.0,15000,1.12313333333333,"Se realiza cambio de suspensión delantera izquierda por cumplimiento de TBO establecido, componente es considerado para cambio en plan semanal W36.",TBO,TBO,200175898,400356865,230910123747,2597500,10362262,#158,200170233,84006,18122217,,CERRADA,,,,TBO,SELLO HEAVY DUTY,NORMAL,5321.0,0.354733333333333,P,64,124,2023-09-04,2023-11-07
7,2023-W50,863,#143,cms,2023,50,CMSD,Suspension Delantera,960E,IZQUIERDO,2023-12-15,55081,27410,1.0,15000,1.82733333333333,"Se procede a cambio de suspensión delantera izquierda por cumplimiento de TBO y fuga de aceite en vastago, componente es considerado para cambio en plan semanal W50.",TBO,TBO,200222074,400363003,231223230222,2653790,10366596,#196,200195803,85806,18123755,,CERRADO,,,,TBO,SELLO HEAVY DUTY,NORMAL,3655.0,0.243666666666667,P,64,124,2023-12-11,2024-02-13
7,2024-W07,882,#152,cms,2024,07,CMSD,Suspension Delantera,960E,IZQUIERDO,2024-02-16,53963,5783,0.0,15000,0.385533333333333,Se realiza cambio de CMS por fuga en vastago. Componente es considerado dentro del plan semanal.,VASTAGO,FUGA,200164877,400366665,240227101235,2688823,10369712,#149,200105829,86968,18125037,,CERRADO,,,,Producto,SELLO HEAVY DUTY,NORMAL,2584.0,0.172266666666667,I,64,124,2024-02-12,2024-06-15
7,2024-W20,851,#156,cms,2024,20,CMSD,Suspension Delantera,960E,IZQUIERDO,2024-05-16,70825,11916,0.0,15000,0.7944,"Se procede a cambio de suspensión delantera izquierda por fuga de aceite en vástago, componente es considerado para cambio en plan semanal W20.",VASTAGO,FUGA,200163497,400371438,240517134550,2734653,10373194,#005,200178263,88751,18126636,,CERRADO,,,,Producto,SELLO HEAVY DUTY,NORMAL,1054.0,0.0702666666666667,I,64,124,2024-05-13,2024-09-14
8,2023-W37,859,#220,cms,2023,37,CMSD,Suspension Delantera,960E,DERECHO,2023-09-16,56322,15407,1.0,15000,1.02713333333333,Se realiza cambio de CMSP2 por cumplimiento de TBO. Componente es considerado dentro del plan semanal,TBO,TBO,200219261,400360289,231109093359,2629753,10364627,#223,200169529,84787,18123036,,CERRADA,,,,TBO,SELLO HEAVY DUTY,NORMAL,5185.0,0.345666666666667,P,64,124,2023-09-11,2023-11-14
8,2023-W51,867,#238,cms,2023,51,CMSD,Suspension Delantera,960E,IZQUIERDO,2023-12-24,57971,6358,0.0,15000,0.423866666666667,"Se procede a cambio de suspensión delantera izquierda por  fuga de aceite en vastago, componente es considerado para cambio en plan semanal W51",Fuga Vastago,Fuga Vastago,200203951,400362949,231226122117,2654613,10366740,#221,200176863,86006,18123925,,CERRADO,,,,Producto,SELLO HEAVY DUTY,NORMAL,3502.0,0.233466666666667,I,64,124,2023-12-18,2024-04-20
8,2024-W14,322,#239,cms,2024,14,CMSD,Suspension Delantera,960E,DERECHO,2024-04-06,84701,20108,1.0,15000,1.34053333333333,"Se procede a cambio de suspensión delantera derecha por fuga residual en vastago, además esta con TBO cumplido. Componente es considerado para cambio en plan semanal W14.",TBO,TBO,200179630,400369149,240408175831,2713005,10371437,#107-1,200186045,87903,18125770,,CERRADO,,,,TBO,SELLO HEAVY DUTY,NORMAL,1734.0,0.1156,P,64,124,2024-04-01,2024-06-04
8,2024-W24,861,#195,cms,2024,24,CMSD,,,,,,,,,,,,,,,,,,,,,,,,,,,,,,,,I,64,124,2024-06-10,2024-10-12
9,2023-W39,856,#228,cms,2023,39,CMSD,Suspension Delantera,960E,IZQUIERDO,2023-09-29,60980,4427,0.0,15000,0.295133333333333,"Se procede a cambio de CMSDI por fuga en anillo porta sellos, componente es considerado para cambio en plan semanal W39.",Fuga Vastago,Fuga aceite en vastago,200176294,400362304,231218151842,2647718,10366367,#204-1,200191750,85753,18123748,,CERRADO,,,,Producto,SELLO HEAVY DUTY,NORMAL,4964.0,0.330933333333333,I,64,124,2023-09-25,2024-01-27
9,2024-W03,397,#125,cms,2024,03,CMSD,Suspension Delantera,960E,DERECHO,2024-01-21,66449,24661,1.0,15000,1.64406666666667,Se realiza cambio de CMSP2 por TBO. Componente es considerado dentro del plan semanal,TBO,TBO,200164829,400364614,240122105356,2670184,10368012,#220,200219261,86330,18124388,,CERRADO,,,,TBO,SELLO HEAVY DUTY,NORMAL,3026.0,0.201733333333333,P,64,124,2024-01-15,2024-03-19
9,2024-W13,870,#192,cms,2024,13,CMSD,Suspension Delantera,960E,DERECHO,2024-03-31,57506,25944,1.0,15000,1.7296,Se realiza cambio de CMS Derecho por TBO. Componente es considerado dentro del plan semanal W13,TBO,TBO,200240497,400368481,240401094507,2707850,10371069,#197,200136932,87471,18125632,,CERRADO,,,,TBO,SELLO HEAVY DUTY,NORMAL,1836.0,0.1224,P,64,124,2024-03-25,2024-05-28
9,2024-W23,861,#195,cms,2024,23,CMSD,Suspension Delantera,960E,IZQUIERDO,2024-06-08,62289,12340,0.0,15000,0.822666666666667,Se realiza cambio de CMSP1 por presentar grasa al interior de suspension por plan de mitigacion. Componente es considerado dentro del plan semanal,Suspensión,FUGA (Mitigada con Grasa),200136922,400372948,240608111945,2746488,10374227,#166,200105784,89327,18126979,,CERRADO,,,,Producto,SELLO HEAVY DUTY,NORMAL,663.0,0.0442,I,64,124,2024-06-03,2024-10-05
10,2023-W40,875,#005,cms,2023,40,CMSD,Suspension Delantera,960E,DERECHO,2023-10-06,54028,8489,,15000,0.565933333333333,"Se procede a cambio de suspensión delantera derecha por que se detecta fuga de aceite por vástago de suspensión, componente es considerado para cambio en plan smeanal W40.",Fuga Vastago,2023-10-19 00:00:00,200178263,400358852,231016182217,2617254,10363660,#200,200176329,84429,18122557,,CERRADO,,,,Producto,NORMAL,NORMAL,4845.0,0.323,I,64,124,2023-10-02,2024-02-03
10,2024-W04,873,#122,cms,2024,04,CMSD,Suspension Delantera,960E,IZQUIERDO,2024-01-23,52703,11175,0.0,15000,0.745,Se realiza cambio de CMSP1 por fuga en vastago. Componente es considerado dentro del plan semanal,VASTAGO,FUGA,200164828,400364848,240124175914,2671945,10368282,#203,200175898,86553,18124464,,CERRADO,,,,Producto,SELLO HEAVY DUTY,NORMAL,2992.0,0.199466666666667,I,64,124,2024-01-22,2024-05-25
10,2024-W15,878,#205,cms,2024,15,CMSD,Suspension Delantera,960E,IZQUIERDO,2024-04-14,57352,3644,0.0,15000,0.242933333333333,Se realiza cambio de suspensión delantera izquierda por fuga en se vastago. Componente es considerado dentro del plan semanal W15,VASTAGO,FUGA,200208106,400369379,240414171942,2716272,10371784,#238,200203951,87788,18125949,,CERRADO,,,,Producto,SELLO HEAVY DUTY,SELLO HEAVY DUTY,1598.0,0.106533333333333,I,64,124,2024-04-08,2024-08-10
11,2023-W41,851,#108,cms,2023,41,CMSD,Suspension Delantera,960E,DERECHO,2023-10-14,66930,13110,0.0,15000,0.874,"Se procede a cambio de suspensión delantera derecha por presentar fuga en tapa superior, componente es considerado para cambio en plan semala W41.",Suspensión,Fuga en tapa superior,200028791,400358794,231016183410,2617357,10363670,#240,200194533,84434,18123011,,CERRADO,,,,Producto,SELLO HEAVY DUTY,NORMAL,4709.0,0.313933333333333,I,64,124,2023-10-09,2024-02-10
11,2024-W06,848,#185,cms,2024,06,CMSD,Suspension Delantera,960E,DERECHO,2024-02-07,71322,8468,0.0,15000,0.564533333333333,"Se procede a cambio de suspensión delantera derecha por fuga de aceite en tapa inferior, componente es considerado para cambio en plan semanal W6.",TAPA INFERIOR,FUGA,200136695,400366173,240219185651,2684838,10369372,#228,200176294,86907,18124921,,CERRADO,,,,Producto,SELLO HEAVY DUTY,NORMAL,2737.0,0.182466666666667,I,64,124,2024-02-05,2024-06-08
11,2024-W18,864,#105,cms,2024,18,CMSD,Suspension Delantera,960E,IZQUIERDO,2024-05-04,58715,6123,0.0,15000,0.4082,"Se procede a cambio de suspensión delantera izquierda por fuga de vastago, componente es considerado para cambio en plan semanal W18.",VASTAGO,FUGA,200026354,400370786,240506122815,2728235,10372698,#203,200136539,88367,18126367,,CERRADO,,,,Producto,SELLO HEAVY DUTY,NORMAL,1258.0,0.0838666666666667,I,64,124,2024-04-29,2024-08-31
12,2023-W42,860,#149,cms,2023,42,CMSD,Suspension Delantera,960E,IZQUIERDO,2023-10-22,57576,3510,0.0,15000,0.234,"Se procede a cambio de CMSD- IZQUIERDA  por resistencia al rodado, componente no es considerado para cambio en plan semanal W42.",,Resistencia al rodado,200105829,400361029,231121094228,2636222,10365098,#129,200164831,85307,18123273,,CERRADO,,,,Operacional,SELLO HEAVY DUTY,NORMAL,4573.0,0.304866666666667,I,64,124,2023-10-16,2024-02-17
12,2024-W07,882,#152,cms,2024,07,CMSD,Suspension Delantera,960E,IZQUIERDO,2024-02-16,53963,5783,0.0,15000,0.385533333333333,Se realiza cambio de CMS por fuga en vastago. Componente es considerado dentro del plan semanal.,VASTAGO,FUGA,200164877,400366665,240227101235,2688823,10369712,#149,200105829,86968,18125037,,CERRADO,,,,Producto,SELLO HEAVY DUTY,NORMAL,2584.0,0.172266666666667,I,64,124,2024-02-12,2024-06-15
12,2024-W19,875,#227,cms,2024,19,CMSD,Suspension Delantera,960E,IZQUIERDO,2024-05-11,58105,4870,,15000,0.324666666666667,"Se procede a cambio de suspensión delantera izquierda por fuga de vastago, componente es considerado para cambio en plan semanal W19",VASTAGO,FUGA,200177634,400371390,240515181912,2733501,10373126,#189,200136709,88384,18126477,CERRADO,CERRADO,SELLO HEAVY DUTY,NORMAL,,Producto,SELLO HEAVY DUTY,NORMAL,1139.0,0.0759333333333333,I,64,124,2024-05-06,2024-09-07
1,2023-W27,858,#66303255,mp,2023,27,Módulo Potencia,,,,,,,,,,,,,,,,,,,,,,,,,,,,,,,,I,64,114,2023-07-03,2023-10-25
1,2024-W02,869,#66303960,mp,2024,02,Módulo Potencia,,,,,,,,,,,,,,,,,,,,,,,,,,,,,,,,I,64,114,2024-01-08,2024-05-01
2,2023-W31,856,#66302201,mp,2023,31,Módulo Potencia,,,,,,,,,,,,,,,,,,,,,,,,,,,,,,,,I,64,114,2023-07-31,2023-11-22
2,2023-W47,883,#66303315,mp,2023,47,Módulo Potencia,,,,,,,,,,,,,,,,,,,,,,,,,,,,,,,,I,64,114,2023-11-20,2024-03-13
2,2024-W06,868,#66303006,mp,2024,06,Módulo Potencia,,,,,,,,,,,,,,,,,,,,,,,,,,,,,,,,I,64,114,2024-02-05,2024-05-29
2,2024-W21,848,#66303005,mp,2024,21,Módulo Potencia,,,,,,,,,,,,,,,,,,,,,,,,,,,,,,,,I,64,114,2024-05-20,2024-09-11
3,2023-W34,882,#66305392,mp,2023,34,Módulo Potencia,,,,,,,,,,,,,,,,,,,,,,,,,,,,,,,,I,64,114,2023-08-21,2023-12-13
3,2023-W49,852,#66303216,mp,2023,49,Módulo Potencia,,,,,,,,,,,,,,,,,,,,,,,,,,,,,,,,I,64,114,2023-12-04,2024-03-27
4,2023-W38,875,#66302125,mp,2023,38,Módulo Potencia,,,,,,,,,,,,,,,,,,,,,,,,,,,,,,,,I,64,114,2023-09-18,2024-01-10
4,2023-W52,871,#66305544,mp,2023,52,Módulo Potencia,,,,,,,,,,,,,,,,,,,,,,,,,,,,,,,,I,64,114,2023-12-25,2024-04-17
4,2024-W20,861,#66303007,mp,2024,20,Módulo Potencia,,,,,,,,,,,,,,,,,,,,,,,,,,,,,,,,I,64,114,2024-05-13,2024-09-04
5,2023-W43,877,#66304561,mp,2023,43,Módulo Potencia,,,,,,,,,,,,,,,,,,,,,,,,,,,,,,,,I,64,114,2023-10-23,2024-02-14
5,2024-W11,851,#66302179,mp,2024,11,Módulo Potencia,,,,,,,,,,,,,,,,,,,,,,,,,,,,,,,,I,64,114,2024-03-11,2024-07-03
5,2024-W24,870,#66301444,mp,2024,24,Módulo Potencia,,,,,,,,,,,,,,,,,,,,,,,,,,,,,,,,I,64,114,2024-06-10,2024-10-02
6,2023-W44,399,#66303600,mp,2023,44,Módulo Potencia,,,,,,,,,,,,,,,,,,,,,,,,,,,,,,,,I,64,114,2023-10-30,2024-02-21
6,2024-W13,849,#66303592,mp,2024,13,Módulo Potencia,,,,,,,,,,,,,,,,,,,,,,,,,,,,,,,,I,64,114,2024-03-25,2024-07-17
6,2024-W25,870,#66303006,mp,2024,25,Módulo Potencia,,,,,,,,,,,,,,,,,,,,,,,,,,,,,,,,I,64,114,2024-06-17,2024-10-09
7,2023-W45,399,#66303600,mp,2023,45,Módulo Potencia,,,,,,,,,,,,,,,,,,,,,,,,,,,,,,,,I,64,114,2023-11-06,2024-02-28
7,2024-W14,860,#66303280,mp,2024,14,Módulo Potencia,,,,,,,,,,,,,,,,,,,,,,,,,,,,,,,,I,64,114,2024-04-01,2024-07-24
1,2023-W29,866,#W12010011,mt,2023,29,Motor Tracción,MOTOR TRACCIÓN ,960E,IZQUIERDO,2023-07-22,54740,13892,0.0,24000,0.578833333333333,"Se procede a cambiar MT izquierdo, Motor de tracción izquierdo presentaba material particulado nivel 02. Componente es considerado dentro del plan semanal",,,200198766,400353608,230724083035,2571734,10360280,#WX14060028T,200234551,82925,18121351,,CERRADA,,,,Producto,RETROFIT,NORMAL,6137.0,0.255708333333333,I,74,134,2023-07-17,2023-11-28
1,2024-W13,857,#WX14020008T,mt,2024,13,Motor Tracción,MOTOR TRACCIÓN ,960E,IZQUIERDO,2024-03-27,68202,25558,1.0,24000,1.06491666666667,Se procede al cambio del motor de tracción lado izquierdo por imprevisto alarma nivel 3 en tapones magnéticos según número de aviso 526846519. Componente no es considerado dentro del plan semanal,Motor de Tracción,Particulado,200159320,400370202,240426091955,2723254,10372371,#W12020025,200174050,88136,18126250,,CERRADO,,,,Producto,RETROFIT,NORMAL,1904.0,0.0793333333333333,P,74,134,2024-03-25,2024-06-07
2,2023-W31,874,#WX15040005T,mt,2023,31,Motor Tracción,MOTOR TRACCIÓN ,960E,IZQUIERDO,2023-08-04,53429,10050,0.0,24000,0.41875,Se realiza cambio de MT por particulado nivel 3. Componente no es considerado dentro del plan semanal,,,200170188,400354562,230806100628,2579500,10360840,#W05100001,200196361,83117,18121486,,CERRADA,,,,Producto,RETROFIT,RETROFIT,5916.0,0.2465,I,74,134,2023-07-31,2023-12-12
2,2024-W14,879,#WX14030010T,mt,2024,14,Motor Tracción,MOTOR TRACCIÓN ,960E,DERECHO,2024-04-05,54822,23906,1.0,24000,0.996083333333333,"Se procede a cambio de motor de tracción derecho por fuga entre por separación de freno de servicio con carrier, ademas ya se encontraba proximo a cambio por TBO. Componente no es considerado para cambio en plan semanal W14.",TBO,TBO,200159325,400369985,240423105913,2721195,10372155,#W12010011,200198766,88163,18126115,,CERRADO,,,,Producto,RETROFIT,NORMAL,1751.0,0.0729583333333333,P,74,134,2024-04-01,2024-06-14
3,2023-W39,875,#W12010016,mt,2023,39,Motor Tracción,MOTOR TRACCIÓN ,960E,IZQUIERDO,2023-09-27,53900,18937,,24000,0.789041666666667,"Se procede a cambio de MT1 por incremento de particulado, se encuentra con plan de mitigación cada 250 hrs. Componente es considerado para cambio en plan semanal W39.",,,200100867,400358061,231003161320,2609785,10363127,#W11110014,200105773,84293,18122515,,CERRADO,,,,Mantenimiento,RETROFIT,RETROFIT,4998.0,0.20825,I,74,134,2023-09-25,2024-02-06
3,2024-W15,864,#WX14030012T,mt,2024,15,Motor Tracción,MOTOR TRACCIÓN ,960E,DERECHO,2024-04-11,58235,21503,0.0,24000,0.895958333333333,Se realiza cambio de Motor de tracción derecho por traspaso de aceite hidraulico. Componente es considerado en plan semanal W15,MANDO FINAL,FUGA SELLO ESPEJO,200158048,400369423,240412081228,2715313,10371673,#WX14100052T,200159322,87871,18125943,,CERRADO,,,,Producto,RETROFIT,RETROFIT,1649.0,0.0687083333333333,I,74,134,2024-04-08,2024-08-20
4,2023-W42,860,#W11110015,mt,2023,42,Motor Tracción,MOTOR TRACCIÓN ,960E,IZQUIERDO,2023-10-20,57576,3406,0.0,24000,0.141916666666667,"Se procede a cambio de MT1 por resistencia al rodado, componente no es considerado para cambio en plan semanal W42.",,Resistencia al rodado,200105804,400359479,231027083124,2622829,10364121,#WX14020004T,200159316,84670,18122968,,CERRADO,,,,Operacional,RETROFIT,RETROFIT,4607.0,0.191958333333333,I,74,134,2023-10-16,2024-02-27
4,2024-W17,399,#W11110013,mt,2024,17,Motor Tracción,MOTOR TRACCIÓN ,960E,IZQUIERDO,2024-04-22,70615,12834,0.0,24000,0.53475,"Se procede a cambio de MT por particulado nivel 2, componente es considerado para cambio en plan semanal.",Motor de Tracción,Particulado,200105788,400369990,240423113558,2721509,10372211,#W11110015,200105804,88171,18126167,,CERRADO,,,,Producto,RETROFIT,RETROFIT,1462.0,0.0609166666666667,I,74,134,2024-04-22,2024-09-03
5,2023-W43,860,#WX1606Y004T,mt,2023,43,Motor Tracción,MOTOR TRACCIÓN ,960E,DERECHO,2023-10-23,57576,3379,0.0,24000,0.140791666666667,"Se procede a cambio de MT2  por resistencia al rodado, componente no es considerado para cambio en plan semanal W43.",,Resistencia al rodado,200283721,400359488,231027084045,2622890,10364133,#W11120018,200105803,84674,18122972,,CERRADO,,,,Operacional,RETROFIT,RETROFIT,4556.0,0.189833333333333,I,74,134,2023-10-23,2024-03-05
5,2024-W18,397,#WX1712Y002T,mt,2024,18,Motor Tracción,MOTOR TRACCIÓN ,960E,DERECHO,2024-04-29,68294,12076,0.0,24000,0.503166666666667,"Se procede a cambio de MT2 por particulado nivel 3, componente es considerado para cambio en plan semanal.",Motor de Tracción,Particulado,200255493,400370378,240429123824,2724903,10372437,#WX15040005T,200170188,88263,18126257,,CERRADO,,,,Producto,RETROFIT,NORMAL,1343.0,0.0559583333333333,I,74,134,2024-04-29,2024-09-10
6,2023-W49,322,#WX14100052T,mt,2023,49,Motor Tracción,MOTOR TRACCIÓN ,960E,IZQUIERDO,2023-12-08,82407,4630,0.0,24000,0.192916666666667,Se realiza cambio de Motor de tracción por particulado nivel 2. Componente es considerado dentro del plan semanal,,,200159322,400362180,231210075728,2646597,10365993,#WX14080030T,200153348,85492,18123597,,CERRADO,,,,Producto,RETROFIT,RETROFIT,3774.0,0.15725,I,74,134,2023-12-04,2024-04-16
6,2024-W20,856,#WX14020007T,mt,2024,20,Motor Tracción,,,,,,,,,,,,,,,,,,,,,,,,,,,,,,,,I,74,134,2024-05-13,2024-09-24
7,2023-W50,857,#W12030036,mt,2023,50,Motor Tracción,MOTOR TRACCIÓN ,960E,DERECHO,2023-12-14,66400,10234,0.0,24000,0.426416666666667,"Se procede a cambio de motor de tracción derecho por particulado escamoso nivel 2, componente es considerado para cambio en plan semanal W50.",Motor mecánico,Particulado,200167698,400362589,231218152422,2650781,10366401,#WX14100044T,200195233,85755,18123749,,CERRADO,,,,Producto,RETROFIT,RETROFIT,3672.0,0.153,I,74,134,2023-12-11,2024-04-23
7,2024-W23,322,#W13050087,mt,2024,23,Motor Tracción,MOTOR TRACCIÓN ,960E,DERECHO,2024-06-06,85757,6620,0.0,24000,0.275833333333333,Se realiza cambio de MT2 por corto circuito en estator. Componente no es considerado dentro del plan semanal,Motor electrico,Corto Circuito,200199693,400372887,240608111432,2746437,10374159,#WX14100053T,200232720,89323,18127085,,CERRADO,,,,Producto,RETROFIT,RETROFIT,697.0,0.0290416666666667,I,74,134,2024-06-03,2024-10-15
8,2023-W51,855,#WX14100053T,mt,2023,51,Motor Tracción,MOTOR TRACCIÓN ,960E,IZQUIERDO,2023-12-20,62380,11162,0.0,24000,0.465083333333333,"El día 19-12-2023 el equipo presento falla en terreno por corte de cardan que une el módulo de potencia con el tren de bombas.
En base a lo antes descrito se activó la auto aplicación de frenos y por consecuencia el equipo se desplazó al menos 30 metros con las 4 posiciones frenadas según descripción del operador.",FRENOS,Resistencia al rodado,200232720,400362844,231222102726,2652861,10366581,#W11100008,200103366,85801,18123880,,CERRADO,,,,Producto,RETROFIT,RETROFIT,3570.0,0.14875,I,74,134,2023-12-18,2024-04-30
9,2024-W06,869,#W12030041,mt,2024,06,Motor Tracción,MOTOR TRACCIÓN ,960E,DERECHO,2024-02-10,56849,6770,0.0,24000,0.282083333333333,"Se procede a cambio de MT2, por fuga de aceite omala 680 en bobinas de estator, componente no es considerado para cambio en plan semanal W6.",BOBINA,FUGA,200159314,400365846,240211145941,2681101,10369082,#W12010016,200100867,86785,18124815,,CERRADO,,,,Producto,RETROFIT,RETROFIT,2686.0,0.111916666666667,I,74,134,2024-02-05,2024-06-18
10,2024-W09,877,#WX14080032T,mt,2024,09,Motor Tracción,MOTOR TRACCIÓN ,960E,IZQUIERDO,2024-02-28,52662,17529,0.0,24000,0.730375,"Se realiza cambio de MT1 por fuga de aceite del mando final por sello espejo, Componente es considerado para cambio en plan semanal W9.",MANDO FINAL,FUGA SELLO ESPEJO,200235900,400367184,240306101750,2693682,10370193,#W12010009A,200137078,87166,18125146,,CERRADO,,,,Producto,RETROFIT,NORMAL,2380.0,0.0991666666666667,I,74,134,2024-02-26,2024-07-09
11,2024-W13,878,#W08040005,mt,2024,13,Motor Tracción,MOTOR TRACCIÓN ,960E,DERECHO,2024-03-25,57153,20795,0.0,24000,0.866458333333333,"Se procede a cambio de MT2 por aumento de particulado, componente se adelanta en cambio pero de igual manera esta denteo del plan semanal W13.",MANDO FINAL,PARTICULADO,200026346,400368123,240325162009,2704347,10370834,#WX1606Y004T,200283721,87266,18125414,,CERRADO,,,,Producto,RETROFIT,NORMAL,1938.0,0.08075,I,74,134,2024-03-25,2024-08-06
12,2024-W13,878,#WX1606Y004T,mt,2024,13,Motor Tracción,MOTOR TRACCIÓN ,960E,DERECHO,2024-03-26,57153,0.5,0.0,24000,2.08333333333333e-05,"Se realiza cambio de motor de tracción Nº2, equipo trabaja alrededor de 30 min, quedando detenido en terreno, se realizan las pruebas en MEGGER encontrando baja aislación en fase A, B y C de motor  de tracción. Componente no es considerado dentro del plan semanal",Baja Aislación,Baja Aislación,200283721,400368240,240327085049,2705325,10370941,#W12030036,200167698,87501,18125520,,CERRADO,,,,Producto,RETROFIT,RETROFIT,1921.0,0.0800416666666667,I,74,134,2024-03-25,2024-08-06
1,2023-W29,868,#217,st,2023,29,Suspensión Trasera,Suspension Trasera,960E,DERECHO,2023-07-19,54741,19232,0.0,30000,0.641066666666667,"Se procede a cambio de suspensión trasera derecha por presentar fuga de aceite en vastago, componente es considerado para cambio en plan semanal W29.",Fuga Vastago,Fuga aceite en vastago,200207878,400353505,230720144238,2570460,10360192,#EK6522,200184818,82778,18121264,,CERRADA,,,,Producto,,,6188.0,0.206266666666667,I,65,125,2023-07-17,2023-11-19
1,2024-W16,869,#696R009,st,2024,16,Suspensión Trasera,Suspensión Trasera,960E,DERECHA,2024-04-18,58211,22264,0.0,30000,0.742133333333333,"Se procede a cambio de suspensión trasera derecha por fuga de aceite en vastago, componente es considerado para cambio en plan semanal W16.",VASTAGO,FUGA,200136698,400370377,240429123257,2724840,10372434,#219,200207578,88262,18126219,,CERRADO,,,,Producto,,,1530.0,0.051,I,65,125,2024-04-15,2024-08-18
2,2023-W35,849,#LM020979,st,2023,35,Suspensión Trasera,Suspension Trasera,960E,IZQUIERDO,2023-09-01,68070,32331,1.0,30000,1.0777,Se realiza cambio de suspensión izquierda por TBO. Componente es considerado dentro del plan semanal,TBO,TBO,200134310,400357115,230917085122,2600570,10362498,#RLTB694,200136711,84155,18122236,,CERRADA,,,,TBO,,,5440.0,0.181333333333333,P,65,125,2023-08-28,2023-11-01
2,2024-W18,882,#RLTF718,st,2024,18,Suspensión Trasera,Suspensión Trasera,960E,DERECHA,2024-05-02,55250,8175,0.0,30000,0.2725,"Se procede a cambio de suspensión trasera derecha por fuga en vástago, componente es considerado para cambio en plan semanal W18.",VASTAGO,FUGA,200280257,400370785,"240506122259
",2728231,10372696,#RLSM672,200105860,88366,18126366,,CERRADO,,,,Producto,,,1292.0,0.0430666666666667,I,65,125,2024-04-29,2024-09-01
3,2023-W37,320,#RLSM673,st,2023,37,Suspensión Trasera,Suspension Trasera,960E,DERECHO,2023-09-13,81663,32898,1.0,30000,1.0966,Se realiza cambio de suspensión trasera derecha por TBO. Componente es considerado dentro del plan semanal,TBO,TBO,200105859,400357072,230914075854,2599464,10362481,#224,200302593,84211,18122234,,CERRADA,,,,TBO,,,5236.0,0.174533333333333,P,65,125,2023-09-11,2023-11-15
3,2024-W19,882,#RLTA681,st,2024,19,Suspensión Trasera,Suspensión Trasera,960E,IZQUIERDO,2024-05-09,55309,6184,0.0,30000,0.206133333333333,"Se procede a cambio de suspensión trasera izquierda por fuga en vástago, componente es considerado para cambio en plan semanal W19.",VASTAGO,FUGA,200105802,400370836,240509130249,2730013,10372842,#279,200324101,88333,18126350,CERRADO,CERRADO,,,,Producto,,,1173.0,0.0391,I,65,125,2024-05-06,2024-09-08
4,2023-W41,865,#134,st,2023,41,Suspensión Trasera,Suspension Trasera,960E,DERECHO,2023-10-09,55421,53449,1.0,30000,1.78163333333333,"Se procede a cambio de suspensión trasera derecha por campaña asociada a horas de operación, componente no es considerado para cambio en plan semanal W41.",TBO,TBO,200334504,400358854,231016182913,2617258,10363666,#228,200313547,84432,18122786,,CERRADO,,,,TBO,,,4794.0,0.1598,P,65,125,2023-10-09,2023-12-13
4,2024-W22,398,#RLTF714,st,2024,22,Suspensión Trasera,Suspensión Trasera,960E,DERECHO,2024-06-02,72775,28296,1.0,30000,0.9432,"Se procede a cambio de suspension trasera derecha por fuga de aceite en vastago, componente es considerado para cambio en plan semanal W22.",VASTAGO,FUGA,200136970,400372504,240602161341,2743022,10373901,#124-1,200339285,89303,18126962,,CERRADO,,,,Producto,,,765.0,0.0255,P,65,125,2024-05-27,2024-07-31
5,2023-W42,847,#219,st,2023,42,Suspensión Trasera,Suspensión Trasera,960E,IZQUIERDO,2023-10-18,68910,34341,1.0,30000,1.1447,"Se procede a cambio de suspensión trasera izquierda por campaña asociada a horas de operación, componente es considerado para cambio en plan semanal W42.",TBO,TBO,200207578,400359487,231027082707,2622889,10364078,#122,200312499,84669,18122967,,CERRADO,,,,TBO,,,4641.0,0.1547,P,65,125,2023-10-16,2023-12-20
6,2023-W49,864,#124-1,st,2023,49,Suspensión Trasera,Suspensión Trasera,960E,IZQUIERDO,2023-12-07,55901,53121,1.0,30000,1.7707,Se realiza cambio de suspension trasera izquierda por TBO. Componente es considerado dentro del plan semanal,TBO,TBO,200339285,400362135,231212120308,2647684,10366148,#121,200293825,86556,18124398,,CERRADO,,,,TBO,,,3791.0,0.126366666666667,P,65,125,2023-12-04,2024-02-07
7,2023-W51,874,#142,st,2023,51,Suspensión Trasera,Suspensión Trasera,960E,IZQUIERDO,2023-12-21,55875,20943,0.0,30000,0.6981,El día 19-12-2023 durante la mantención se detecta que la suspensión trasera izquierda se encuentra agripada es decir con una resistencia al movimiento natural de compresión. Componente no es considerado dentro del plan semanal,,,200245069,400363000,231222111449,2653256,10366593,#RLRE656,200105771,85805,18123884,,CERRADO,,,,Mantenimiento,,,3553.0,0.118433333333333,I,65,125,2023-12-18,2024-04-21
8,2024-W03,854,#LM017267,st,2024,03,Suspensión Trasera,Suspensión Trasera,960E,IZQUIERDO,2024-01-15,66700,17980,0.0,30000,0.599333333333333,Se procede a cambio de suspensión trasera izquierda por fuga por vastago y golpe. Componente es considerado para cambio en plan semanal W03.,VASTAGO,FUGA,200254822,400364368,240116122426,2666924,10367686,#238,200202928,86405,18124251,,CERRADO,,,,Producto,,,3128.0,0.104266666666667,I,65,125,2024-01-15,2024-05-19
9,2024-W05,855,#RLSH663,st,2024,05,Suspensión Trasera,Suspensión Trasera,960E,DERECHO,2024-02-01,56715,24625,0.0,30000,0.820833333333333,"Se realiza cambio de suspensión trasera por fuga en vastago, componente es considerado dentro del plan semanal",VASTAGO,FUGA,200105831,400365282,240202105428,2676119,10368575,#214,200241332,86661,18124629,,CERRADO,,,,Producto,,,2839.0,0.0946333333333333,I,65,125,2024-01-29,2024-06-02
10,2024-W07,857,#231-1,st,2024,07,Suspensión Trasera,Suspensión Trasera,960E,IZQUIERDO,2024-02-18,67550,20974,0.0,30000,0.699133333333333,"Se realiza cambio de suspensión trasera izquierda por rótula superior quebrada por falta de engrase, componente es considerado dentro del plansemanal",ROTULA,ROTULA,200237384,400366137,240218100720,2684144,10369268,#RLSM673,200105859,86807,18124832,,CERRADO,,,,Mantenimiento,,,2550.0,0.085,I,65,125,2024-02-12,2024-06-16
11,2024-W09,854,#EK8138,st,2024,09,Suspensión Trasera,Suspensión Trasera,960E,DERECHA,2024-03-03,67568,18738,0.0,30000,0.6246,"Se procede a cambio de suspensión trasera derecha, por fuga excesiva en vastago, componente es considerado para cambio en plan semanal W9.",VASTAGO,FUGA,200254118,400366857,240305095222,2692938,10370146,#RLSK669,200105816,86978,18125196,,CERRADO,,,,Producto,,,2312.0,0.0770666666666667,I,65,125,2024-02-26,2024-06-30
12,2024-W11,848,#156,st,2024,11,Suspensión Trasera,Suspensión Trasera,960E,DERECHA,2024-03-17,71887,34778,1.0,30000,1.15926666666667,Se realiza cambio de suspensión trasera derecha por TBO. Componente es considerado dentro del plan semanal W11,TBO,TBO,200152684,400367599,240317182229,2699540,10370533,#LM020979,200134310,87191,18125309,ABIERTA,CERRADO,,,,TBO,,,2074.0,0.0691333333333333,P,65,125,2024-03-11,2024-05-15
